{"cameraMode":{"drawMode":0,"name":"Shaded","section":"Shading Mode"},"sceneLighting":true,"audioPlay":false,"sceneViewState":{"m_AlwaysRefresh":false,"showFog":true,"showSkybox":true,"showFlares":true,"showImageEffects":true,"showParticleSystems":true,"showVisualEffectGraphs":true,"m_FxEnabled":true},"in2DMode":false,"pivot":{"x":2.8676815032958986,"y":3.2370877265930177,"z":-3.8202075958251955},"rotation":{"x":-0.037715621292591098,"y":0.9544343948364258,"z":-0.1372368186712265,"w":-0.2622978687286377},"size":9.396382331848145,"orthographic":false}